<?xml version="1.0" encoding="UTF-8"?>
<root>
    <enum name="gender">
        <option value="1">男</option>
        <option value="0">女</option>
    </enum>
    <form name="demo2">
        <item name="gender" type="enum">
            <attrib param="name">gender</attrib>
        </item>
    </form>
    <form name="__MENU__">
        <unit name="demo1" disp="分类" href="demo/demo1/list.html"></unit>
        <unit name="demo2" disp="多对一" href="demo/demo2/list.html"></unit>
        <unit name="demo4" disp="多对多" href="demo/demo4/list.html"></unit>
    </form>
</root>
