<root>
  <data key="DOMAIN_TYPES" type="json">
    <![CDATA[
      [
        [ 1, "字符"],
        [ 2, "数字"],
        [ 3, "日期"],
        [ 4, "时间"],
        [ 5, "日期时间"],
        [11, "链接"],
        [12, "电子邮箱"],
        [ 6, "文本"],
        [ 7, "文件"],
        [71, "图片"],
        [72, "音频"],
        [73, "视频"]
      ]
    ]]>
  </data>
  <data key="entity_form" type="json">
    <![CDATA[
      [
      ]
    ]]>
  </data>
  <data key="module_form" type="json">
    <![CDATA[
      [
      ]
    ]]>
  </data>
  <data key="domain_form" type="json">
    <![CDATA[
      [
      ]
    ]]>
  </data>
</root>
